{"Version":1,"ManifestType":"Publish","Endpoints":[{"Route":"alerts.dj1989a9dm.html","AssetFile":"alerts.html","Selectors":[],"ResponseHeaders":[{"Name":"Cache-Control","Value":"max-age=31536000, immutable"},{"Name":"Content-Length","Value":"70432"},{"Name":"Content-Type","Value":"text/html"},{"Name":"ETag","Value":"\"9+Mw2XyN32jl+6C4PKamPgqm3FkKaadGqmmGMfDVBfs=\""},{"Name":"Last-Modified","Value":"Wed, 14 Jan 2026 12:05:34 GMT"}],"EndpointProperties":[{"Name":"fingerprint","Value":"dj1989a9dm"},{"Name":"integrity","Value":"sha256-9+Mw2XyN32jl+6C4PKamPgqm3FkKaadGqmmGMfDVBfs="},{"Name":"label","Value":"alerts.html"}]},{"Route":"alerts.html","AssetFile":"alerts.html","Selectors":[],"ResponseHeaders":[{"Name":"Cache-Control","Value":"no-cache"},{"Name":"Content-Length","Value":"70432"},{"Name":"Content-Type","Value":"text/html"},{"Name":"ETag","Value":"\"9+Mw2XyN32jl+6C4PKamPgqm3FkKaadGqmmGMfDVBfs=\""},{"Name":"Last-Modified","Value":"Wed, 14 Jan 2026 12:05:34 GMT"}],"EndpointProperties":[{"Name":"integrity","Value":"sha256-9+Mw2XyN32jl+6C4PKamPgqm3FkKaadGqmmGMfDVBfs="}]},{"Route":"index.8nai42lz8u.html","AssetFile":"index.html","Selectors":[],"ResponseHeaders":[{"Name":"Cache-Control","Value":"max-age=31536000, immutable"},{"Name":"Content-Length","Value":"1351"},{"Name":"Content-Type","Value":"text/html"},{"Name":"ETag","Value":"\"ZOJXgqxGfd4KNAFPJB1+x3gLTVhmasexhg70A0FdKWk=\""},{"Name":"Last-Modified","Value":"Mon, 29 Dec 2025 09:56:03 GMT"}],"EndpointProperties":[{"Name":"fingerprint","Value":"8nai42lz8u"},{"Name":"integrity","Value":"sha256-ZOJXgqxGfd4KNAFPJB1+x3gLTVhmasexhg70A0FdKWk="},{"Name":"label","Value":"index.html"}]},{"Route":"index.html","AssetFile":"index.html","Selectors":[],"ResponseHeaders":[{"Name":"Cache-Control","Value":"no-cache"},{"Name":"Content-Length","Value":"1351"},{"Name":"Content-Type","Value":"text/html"},{"Name":"ETag","Value":"\"ZOJXgqxGfd4KNAFPJB1+x3gLTVhmasexhg70A0FdKWk=\""},{"Name":"Last-Modified","Value":"Mon, 29 Dec 2025 09:56:03 GMT"}],"EndpointProperties":[{"Name":"integrity","Value":"sha256-ZOJXgqxGfd4KNAFPJB1+x3gLTVhmasexhg70A0FdKWk="}]}]}